<?xml version="1.0" encoding="utf-8"?>
<modification>
	<name>Ashvira UI Dashboard</name>
	<code>ashvirauidashboard</code>
	<version>0.0.1</version>
	<author>Nexa Domain</author>
	<description>Change the boring Administrative Panel into Modern, Slim and Fast Dashboard</description>
	<link>https://demo.jhom.co/oc-ashvira-ui-dashboard</link>

	<!-- Login Controller -->
	<file path="admin/controller/common/login.php">
		<operation>
			<search trim="true">
				<![CDATA[
		$data['header'] = $this->load->controller('common/header');
				]]>
			</search>
			<add position="replace">
				<![CDATA[
		$data['header'] = $this->load->controller('common/header_login_ashvira');
				]]>
			</add>
		</operation>
		<operation>
			<search trim="true">
				<![CDATA[
		$this->response->setOutput($this->load->view('common/login', $data));
				]]>
			</search>
			<add position="replace">
				<![CDATA[
		$this->response->setOutput($this->load->view('common/login_ashvira', $data));
				]]>
			</add>
		</operation>
	</file>

	<!-- Forget Password Controller -->
	<file path="admin/controller/common/forgotten.php">
		<operation>
			<search trim="true">
				<![CDATA[
		$data['header'] = $this->load->controller('common/header');
				]]>
			</search>
			<add position="replace">
				<![CDATA[
		$data['header'] = $this->load->controller('common/header_login_ashvira');
				]]>
			</add>
		</operation>
		<operation>
			<search trim="true">
				<![CDATA[
		$this->response->setOutput($this->load->view('common/forgotten', $data));
				]]>
			</search>
			<add position="replace">
				<![CDATA[
		$this->response->setOutput($this->load->view('common/forgotten_ashvira', $data));
				]]>
			</add>
		</operation>
	</file>

	<!-- Dashboard Controller -->
	<file path="admin/controller/common/dashboard.php">
		<operation>
			<search trim="true">
				<![CDATA[
					$data['header'] = $this->load->controller('common/header');
				]]>
			</search>
			<add position="replace" trim="true">
				<![CDATA[
					$data['header'] = $this->load->controller('common/header_ashvira');
				]]>
			</add>
		</operation>
		<operation>
			<search trim="true">
				<![CDATA[
					$data['column_left'] = $this->load->controller('common/column_left');
				]]>
			</search>
			<add position="replace" trim="true">
				<![CDATA[
					$data['column_left'] = $this->load->controller('common/column_left_ashvira');
					$data['navbar'] = $this->load->controller('common/navbar_ashvira', $data);
				]]>
			</add>
		</operation>
		<operation>
			<search trim="true">
				<![CDATA[
					$data['footer'] = $this->load->controller('common/footer');
				]]>
			</search>
			<add position="replace" trim="true">
				<![CDATA[
					$data['footer'] = $this->load->controller('common/footer_ashvira');
				]]>
			</add>
		</operation>
		<operation>
			<search trim="true">
				<![CDATA[
					$this->response->setOutput($this->load->view('common/dashboard', $data));
				]]>
			</search>
			<add position="replace">
				<![CDATA[
					$this->response->setOutput($this->load->view('common/dashboard_ashvira', $data));
				]]>
			</add>
		</operation>
	</file>
</modification>